id,category,kind,observation,file,width,height,source_files,flags
img-0004,others,artwork-or-artwork-documentation,Tree roots and community,media-library/curated/others/img-0004.jpg,1400,984,media-library/curated/others/img-0004.jpg,
img-0010,others,artwork-or-artwork-documentation,Seated grieving figure under bare tree; context uncertain,media-library/curated/others/img-0010.jpg,1400,978,media-library/curated/others/img-0010.jpg,context-or-credit-needs-confirmation
img-0012,others,artwork-or-artwork-documentation,Classroom and language,media-library/curated/others/img-0012.jpg,1400,1009,media-library/curated/others/img-0012.jpg,
img-0020,others,artwork-or-artwork-documentation,Mother child and language tree,media-library/curated/others/img-0020.jpg,700,494,media-library/curated/others/img-0020.jpg,small-source-review-display-size
img-0023,others,artwork-or-artwork-documentation,Figure by moonlit sea,media-library/curated/others/img-0023.png,2140,1444,media-library/curated/others/img-0023.png,
img-0024,others,artwork-or-artwork-documentation,Sea and crescent moon,media-library/curated/others/img-0024.png,2158,1572,media-library/curated/others/img-0024.png,
img-0025,others,artwork-or-artwork-documentation,Group beside sea,media-library/curated/others/img-0025.png,2160,1468,media-library/curated/others/img-0025.png,
img-0026,others,artwork-or-artwork-documentation,Purple sea and moon,media-library/curated/others/img-0026.png,2160,1486,media-library/curated/others/img-0026.png,
img-0028,others,artwork-or-artwork-documentation,Women in boat,media-library/curated/others/img-0028.png,2160,1494,media-library/curated/others/img-0028.png,
img-0030,others,artwork-or-artwork-documentation,Woman and child portrait,media-library/curated/others/img-0030.jpg,4909,5092,media-library/curated/others/img-0030.jpg,
img-0031,others,artwork-or-artwork-documentation,Bee and red flower,media-library/curated/others/img-0031.jpg,2596,1752,media-library/curated/others/img-0031.jpg,exact-duplicate-source-files-consolidated
img-0032,others,artwork-or-artwork-documentation,Palash and moon,media-library/curated/others/img-0032.jpg,4279,3438,media-library/curated/others/img-0032.jpg,exact-duplicate-source-files-consolidated
img-0033,others,artwork-or-artwork-documentation,Bees and palash flowers,media-library/curated/others/img-0033.jpg,4517,2784,media-library/curated/others/img-0033.jpg,exact-duplicate-source-files-consolidated
img-0042,others,artwork-or-artwork-documentation,Moon over sea,media-library/curated/others/img-0042.jpg,1440,1489,media-library/curated/others/img-0042.jpg,exact-duplicate-source-files-consolidated
img-0043,others,artwork-or-artwork-documentation,Children flowers and mounds; context uncertain,media-library/curated/others/img-0043.jpg,1061,1395,media-library/curated/others/img-0043.jpg,context-or-credit-needs-confirmation | exact-duplicate-source-files-consolidated
img-0044,others,artwork-or-artwork-documentation,Woman in shadowed doorway,media-library/curated/others/img-0044.jpg,1080,881,media-library/curated/others/img-0044.jpg,exact-duplicate-source-files-consolidated
img-0045,others,artwork-or-artwork-documentation,Bags and clothes in room,media-library/curated/others/img-0045.jpg,5773,4330,media-library/curated/others/img-0045.jpg,exact-duplicate-source-files-consolidated
img-0049,others,artwork-or-artwork-documentation,Community drummer with yellow headwrap,media-library/curated/others/img-0049.jpg,1991,2847,media-library/curated/others/img-0049.jpg,exact-duplicate-source-files-consolidated
img-0050,others,artwork-or-artwork-documentation,Two people in mustard field trailing fabric,media-library/curated/others/img-0050.jpg,6477,3859,media-library/curated/others/img-0050.jpg,exact-duplicate-source-files-consolidated
img-0051,others,artwork-or-artwork-documentation,Mustard field and moon,media-library/curated/others/img-0051.jpg,6191,4038,media-library/curated/others/img-0051.jpg,exact-duplicate-source-files-consolidated
img-0052,others,artwork-or-artwork-documentation,Shrine and community musicians,media-library/curated/others/img-0052.jpg,4169,5996,media-library/curated/others/img-0052.jpg,exact-duplicate-source-files-consolidated
img-0053,others,artwork-or-artwork-documentation,Drummers and horn player,media-library/curated/others/img-0053.jpg,5715,4374,media-library/curated/others/img-0053.jpg,exact-duplicate-source-files-consolidated
img-0054,others,artwork-or-artwork-documentation,Yellow fields and river,media-library/curated/others/img-0054.jpg,6181,4044,media-library/curated/others/img-0054.jpg,exact-duplicate-source-files-consolidated
img-0055,others,artwork-or-artwork-documentation,Women dancing in circle,media-library/curated/others/img-0055.jpg,6076,4114,media-library/curated/others/img-0055.jpg,exact-duplicate-source-files-consolidated
img-0079,others,artwork-or-artwork-documentation,Portrait through vehicle sunroof; event context unconfirmed,media-library/curated/others/img-0079.jpg,3000,2000,media-library/curated/others/img-0079.jpg,context-or-credit-needs-confirmation
img-0081,others,artwork-or-artwork-documentation,Women with crescent and bird,media-library/curated/others/img-0081.jpg,1400,1026,media-library/curated/others/img-0081.jpg,
img-0083,others,artwork-or-artwork-documentation,Women embroidering beside water,media-library/curated/others/img-0083.jpg,1080,517,media-library/curated/others/img-0083.jpg,small-source-review-display-size
img-0090,others,publication-cover,Sultana's Sisters book cover; preserve credits,media-library/curated/others/img-0090.jpg,853,1280,media-library/curated/others/img-0090.jpg,
img-0091,others,publication-cover,Bengali publication cover with walking figures,media-library/curated/others/img-0091.jpg,1080,1719,media-library/curated/others/img-0091.jpg,
img-0093,others,publication-cover,Bengali wraparound book cover with forest and figures,media-library/curated/others/img-0093.jpg,1000,635,media-library/curated/others/img-0093.jpg,
img-0094,others,publication-cover,Bengali Eid magazine cover with musicians,media-library/curated/others/img-0094.jpg,1071,1386,media-library/curated/others/img-0094.jpg,
img-0095,others,publication-cover,Kannada wraparound book cover; preserve author and publisher details,media-library/curated/others/img-0095.jpg,1080,790,media-library/curated/others/img-0095.jpg,
img-0096,others,publication-cover,Nowroj magazine cover with trees and procession,media-library/curated/others/img-0096.jpg,617,960,media-library/curated/others/img-0096.jpg,
img-0102,others,documentation-photo,Workshop photograph with children,media-library/curated/others/img-0102.jpg,1080,598,media-library/curated/others/img-0102.jpg,small-source-review-display-size
img-0103,others,documentation-photo,Exhibition visitor photograph,media-library/curated/others/img-0103.jpg,1080,810,media-library/curated/others/img-0103.jpg,
img-0104,others,artwork-or-artwork-documentation,Exhibition visitors and framed art,media-library/curated/others/img-0104.jpg,1080,810,media-library/curated/others/img-0104.jpg,
img-0105,others,artwork-or-artwork-documentation,Red flower and striped sea,media-library/curated/others/img-0105.jpg,1080,793,media-library/curated/others/img-0105.jpg,
img-0106,others,artwork-or-artwork-documentation,Bare branching tree reflected in water,media-library/curated/others/img-0106.jpg,1080,854,media-library/curated/others/img-0106.jpg,
img-0107,others,artwork-or-artwork-documentation,Figure resting against tree; drawing,media-library/curated/others/img-0107.jpg,1079,2048,media-library/curated/others/img-0107.jpg,
img-0108,others,artwork-or-artwork-documentation,Trees with Bengali verse; preserve text,media-library/curated/others/img-0108.jpg,1080,663,media-library/curated/others/img-0108.jpg,
img-0109,others,artwork-or-artwork-documentation,Two figures beside shore and lone tree,media-library/curated/others/img-0109.jpg,1080,826,media-library/curated/others/img-0109.jpg,
img-0110,others,artwork-or-artwork-documentation,Seated figure with flowing hair beside water,media-library/curated/others/img-0110.jpg,1080,1448,media-library/curated/others/img-0110.jpg,
img-0112,others,artwork-or-artwork-documentation,Mother and child under crescent; context uncertain,media-library/curated/others/img-0112.jpg,1077,924,media-library/curated/others/img-0112.jpg,context-or-credit-needs-confirmation | exact-duplicate-source-files-consolidated
img-0116,others,artwork-or-artwork-documentation,Woman holding bare tree beneath crescent,media-library/curated/others/img-0116.jpg,1080,1042,media-library/curated/others/img-0116.jpg,exact-duplicate-source-files-consolidated
img-0120,others,artwork-or-artwork-documentation,River valley and crescent moon,media-library/curated/others/img-0120.jpg,2048,1444,media-library/curated/others/img-0120.jpg,exact-duplicate-source-files-consolidated
img-0121,others,artwork-or-artwork-documentation,River valley and sun,media-library/curated/others/img-0121.jpg,2048,1419,media-library/curated/others/img-0121.jpg,exact-duplicate-source-files-consolidated
img-0122,others,artwork-or-artwork-documentation,Valley with tiny figures and sun,media-library/curated/others/img-0122.jpg,2048,1398,media-library/curated/others/img-0122.jpg,exact-duplicate-source-files-consolidated
img-0123,others,artwork-or-artwork-documentation,River valley under cloudy moonlit sky,media-library/curated/others/img-0123.jpg,2048,1426,media-library/curated/others/img-0123.jpg,exact-duplicate-source-files-consolidated
img-0133,others,artwork-or-artwork-documentation,Gathering under crescent; specific context unconfirmed,media-library/curated/others/img-0133.jpg,2048,1275,media-library/curated/others/img-0133.jpg,context-or-credit-needs-confirmation | exact-duplicate-source-files-consolidated
img-0142,others,artwork-or-artwork-documentation,Portrait of older man wearing hat; identity unconfirmed,media-library/curated/others/img-0142.jpg,2048,1536,media-library/curated/others/img-0142.jpg,context-or-credit-needs-confirmation
img-0147,others,documentation-photo,IIT Gandhinagar presentation photograph; source filename context,media-library/curated/others/img-0147.jpg,1280,960,media-library/curated/others/img-0147.jpg,
img-0148,others,documentation-photo,IIT Gandhinagar exhibition wall photograph,media-library/curated/others/img-0148.jpg,1600,1200,media-library/curated/others/img-0148.jpg,
img-0149,others,artwork-or-artwork-documentation,Exhibition wall detail and PARI label,media-library/curated/others/img-0149.jpg,1200,1600,media-library/curated/others/img-0149.jpg,
img-0150,others,documentation-photo,Presentation photograph,media-library/curated/others/img-0150.jpg,1280,960,media-library/curated/others/img-0150.jpg,
img-0179,others,artwork-or-artwork-documentation,Portrait through vehicle sunroof; context unconfirmed,media-library/curated/others/img-0179.jpg,3072,4096,media-library/curated/others/img-0179.jpg,context-or-credit-needs-confirmation
img-0212,others,documentation-photo,Bedside greeting photograph; personal context and publication consent unconfirmed,media-library/curated/others/img-0212.jpg,3072,4096,media-library/curated/others/img-0212.jpg,context-or-credit-needs-confirmation | personal-photo-publication-context-unconfirmed
img-0213,others,documentation-photo,Alternate bedside greeting photograph; personal context and publication consent unconfirmed,media-library/curated/others/img-0213.jpg,3072,4096,media-library/curated/others/img-0213.jpg,context-or-credit-needs-confirmation | personal-photo-publication-context-unconfirmed
img-0214,others,documentation-photo,Doorstep conversation photograph,media-library/curated/others/img-0214.jpg,900,1600,media-library/curated/others/img-0214.jpg,
img-0216,others,documentation-photo,Greeting elder at gate,media-library/curated/others/img-0216.jpg,900,1600,media-library/curated/others/img-0216.jpg,
img-0229,others,artwork-or-artwork-documentation,Seashore landscape,media-library/curated/others/img-0229.jpg,7475,4479,media-library/curated/others/img-0229.jpg,exact-duplicate-source-files-consolidated
img-0230,others,artwork-or-artwork-documentation,Flower stem against cloudy sky,media-library/curated/others/img-0230.jpg,3587,2644,media-library/curated/others/img-0230.jpg,
img-0231,others,artwork-or-artwork-documentation,Bare tree in green field,media-library/curated/others/img-0231.jpg,5065,3443,media-library/curated/others/img-0231.jpg,
img-0235,others,artwork-or-artwork-documentation,Pink flower beside building and railings,media-library/curated/others/img-0235.jpg,3963,2440,media-library/curated/others/img-0235.jpg,
img-0237,others,artwork-or-artwork-documentation,Mother and child,media-library/curated/others/img-0237.jpg,2703,2703,media-library/curated/others/img-0237.jpg,
img-0240,others,artwork-or-artwork-documentation,Trees against yellow sky,media-library/curated/others/img-0240.jpg,3636,2317,media-library/curated/others/img-0240.jpg,
img-0241,others,artwork-or-artwork-documentation,Reclining figure crescent and red flowing cloth,media-library/curated/others/img-0241.jpg,1440,753,media-library/curated/others/img-0241.jpg,
img-0242,others,artwork-or-artwork-documentation,Woman holding crescent against blue night,media-library/curated/others/img-0242.jpg,1440,754,media-library/curated/others/img-0242.jpg,
img-0246,others,artwork-or-artwork-documentation,Yellow flower bud,media-library/curated/others/img-0246.jpg,1440,976,media-library/curated/others/img-0246.jpg,
img-0247,others,artwork-or-artwork-documentation,Yellow blossoms in sketchbook,media-library/curated/others/img-0247.jpg,1440,850,media-library/curated/others/img-0247.jpg,
img-0248,others,artwork-or-artwork-documentation,Red flower on branch,media-library/curated/others/img-0248.jpg,3249,2280,media-library/curated/others/img-0248.jpg,
img-0249,others,artwork-or-artwork-documentation,Blue print of reclining figures,media-library/curated/others/img-0249.jpg,1440,1133,media-library/curated/others/img-0249.jpg,
img-0251,others,artwork-or-artwork-documentation,Mother and child beneath crescent,media-library/curated/others/img-0251.jpg,1080,1605,media-library/curated/others/img-0251.jpg,
img-0252,others,artwork-or-artwork-documentation,Child resting among green leaves,media-library/curated/others/img-0252.jpg,1439,1015,media-library/curated/others/img-0252.jpg,
img-0253,others,artwork-or-artwork-documentation,Child and large tree,media-library/curated/others/img-0253.jpg,1439,1015,media-library/curated/others/img-0253.jpg,
img-0254,others,artwork-or-artwork-documentation,Child by tree and fallen trunk,media-library/curated/others/img-0254.jpg,1401,1015,media-library/curated/others/img-0254.jpg,
img-0257,others,artwork-or-artwork-documentation,Child among trees and gathering,media-library/curated/others/img-0257.jpg,1416,1015,media-library/curated/others/img-0257.jpg,
img-0258,others,artwork-or-artwork-documentation,Single pink flower on paper,media-library/curated/others/img-0258.webp,1080,1080,media-library/curated/others/img-0258.webp,
img-0259,others,artwork-or-artwork-documentation,Sketchbook person and pink flower beside sea,media-library/curated/others/img-0259.webp,2310,1508,media-library/curated/others/img-0259.webp,
img-0260,others,artwork-or-artwork-documentation,Sketchbook floating person with flower under moon,media-library/curated/others/img-0260.webp,2455,1566,media-library/curated/others/img-0260.webp,
img-0261,others,artwork-or-artwork-documentation,Sketchbook floating person and flower over water,media-library/curated/others/img-0261.webp,2397,1616,media-library/curated/others/img-0261.webp,
img-0262,others,artwork-or-artwork-documentation,Sketchbook person reaching for flower above crescent,media-library/curated/others/img-0262.webp,2458,1615,media-library/curated/others/img-0262.webp,
img-0263,others,artwork-or-artwork-documentation,Sketchbook blue sea figure reaching toward flower,media-library/curated/others/img-0263.webp,2357,1416,media-library/curated/others/img-0263.webp,
img-0264,others,artwork-or-artwork-documentation,Sketchbook river landscape and Bengali lettering,media-library/curated/others/img-0264.webp,2266,1406,media-library/curated/others/img-0264.webp,
img-0272,others,artwork-or-artwork-documentation,Hand holding miniature night landscape sketchbook,media-library/curated/others/img-0272.jpg,1358,1358,media-library/curated/others/img-0272.jpg,
img-0273,others,artwork-or-artwork-documentation,Hand holding valley landscape sketchbook,media-library/curated/others/img-0273.jpg,1318,1318,media-library/curated/others/img-0273.jpg,
img-0274,others,artwork-or-artwork-documentation,White flowers on dark background,media-library/curated/others/img-0274.jpg,959,1199,media-library/curated/others/img-0274.jpg,
img-0275,others,artwork-or-artwork-documentation,Mother and child crescent; alternate image 112,media-library/curated/others/img-0275.jpg,1077,924,media-library/curated/others/img-0275.jpg,
img-0276,others,artwork-or-artwork-documentation,Mother combing child's hair at night,media-library/curated/others/img-0276.jpg,1440,1189,media-library/curated/others/img-0276.jpg,
img-0278,others,artwork-or-artwork-documentation,Blue room interior with sofa and books,media-library/curated/others/img-0278.jpg,2608,3165,media-library/curated/others/img-0278.jpg,
img-0280,others,artwork-or-artwork-documentation,Detail of moonlit waves,media-library/curated/others/img-0280.jpg,1440,1800,media-library/curated/others/img-0280.jpg,
img-0281,others,artwork-or-artwork-documentation,Full moonlit waves composition,media-library/curated/others/img-0281.jpg,1440,1489,media-library/curated/others/img-0281.jpg,
img-0283,others,artwork-or-artwork-documentation,Three figures standing in moonlit water,media-library/curated/others/img-0283.jpg,7381,5203,media-library/curated/others/img-0283.jpg,
img-0284,others,artwork-or-artwork-documentation,Women beside river gorge,media-library/curated/others/img-0284.jpg,7548,5271,media-library/curated/others/img-0284.jpg,
img-0285,others,artwork-or-artwork-documentation,Three figures beside winding river,media-library/curated/others/img-0285.jpg,3786,2711,media-library/curated/others/img-0285.jpg,
img-0287,others,artwork-or-artwork-documentation,Birds along river bend,media-library/curated/others/img-0287.jpg,7557,5393,media-library/curated/others/img-0287.jpg,
img-0288,others,artwork-or-artwork-documentation,Painted Chambal and Yamuna map; artistic reference not authoritative geography,media-library/curated/others/img-0288.jpg,7315,5277,media-library/curated/others/img-0288.jpg,
img-0289,others,artwork-or-artwork-documentation,Blue river branches and small figures,media-library/curated/others/img-0289.jpg,7657,5462,media-library/curated/others/img-0289.jpg,
img-0290,others,artwork-or-artwork-documentation,Woman with long flowing green cloth across gorge,media-library/curated/others/img-0290.jpg,7502,5329,media-library/curated/others/img-0290.jpg,
img-0292,others,artwork-or-artwork-documentation,River gorge landscape,media-library/curated/others/img-0292.jpg,3867,2725,media-library/curated/others/img-0292.jpg,
img-0293,others,artwork-or-artwork-documentation,Winding river and tributaries,media-library/curated/others/img-0293.jpg,6954,4982,media-library/curated/others/img-0293.jpg,
img-0294,others,artwork-or-artwork-documentation,Alternate flower and barbed wire image 267,media-library/curated/others/img-0294.jpg,2236,1351,media-library/curated/others/img-0294.jpg,
img-0296,others,artwork-or-artwork-documentation,Tree on ochre ground,media-library/curated/others/img-0296.jpg,1440,1180,media-library/curated/others/img-0296.jpg,
img-0297,others,artwork-or-artwork-documentation,Red sun among trees,media-library/curated/others/img-0297.jpg,2598,3248,media-library/curated/others/img-0297.jpg,
img-0298,others,artwork-or-artwork-documentation,Tree shrine and red sun,media-library/curated/others/img-0298.jpg,2586,2586,media-library/curated/others/img-0298.jpg,
img-0299,others,artwork-or-artwork-documentation,Portrait of bearded man; identity unconfirmed,media-library/curated/others/img-0299.jpg,4096,3182,media-library/curated/others/img-0299.jpg,context-or-credit-needs-confirmation
img-0301,others,artwork-or-artwork-documentation,Moon tree and patterned form on ground,media-library/curated/others/img-0301.jpg,1440,1466,media-library/curated/others/img-0301.jpg,
img-0308,others,artwork-or-artwork-documentation,Woman portrait in red and blue; context uncertain,media-library/curated/others/img-0308.jpg,4096,3781,media-library/curated/others/img-0308.jpg,context-or-credit-needs-confirmation
img-0309,others,artwork-or-artwork-documentation,Red flowers bees and crescent,media-library/curated/others/img-0309.jpg,6003,4163,media-library/curated/others/img-0309.jpg,
img-0310,others,artwork-or-artwork-documentation,Bees around orange flower,media-library/curated/others/img-0310.jpg,5081,4919,media-library/curated/others/img-0310.jpg,exact-duplicate-source-files-consolidated
img-0311,others,artwork-or-artwork-documentation,Woman carrying child beside tree,media-library/curated/others/img-0311.jpg,5796,8160,media-library/curated/others/img-0311.jpg,
img-0312,others,artwork-or-artwork-documentation,Red flower above exposed roots,media-library/curated/others/img-0312.jpg,4024,5548,media-library/curated/others/img-0312.jpg,exact-duplicate-source-files-consolidated
img-0314,others,artwork-or-artwork-documentation,Alternate woman child and tree composition,media-library/curated/others/img-0314.jpg,4820,6914,media-library/curated/others/img-0314.jpg,
img-0323,others,documentation-photo,Photograph of historical painted wall; reference and authorship unconfirmed,media-library/curated/others/img-0323.jpg,2448,3264,media-library/curated/others/img-0323.jpg,context-or-credit-needs-confirmation | exact-duplicate-source-files-consolidated
img-0324,others,documentation-photo,Sideways photograph of woman child and boat painting,media-library/curated/others/img-0324.jpg,6120,8160,media-library/curated/others/img-0324.jpg,source-orientation-retained | exact-duplicate-source-files-consolidated
img-0325,others,artwork-or-artwork-documentation,Closer view of woman child and boat painting,media-library/curated/others/img-0325.jpg,3876,3098,media-library/curated/others/img-0325.jpg,exact-duplicate-source-files-consolidated
img-0329,others,documentation-photo,Blue wheeled bag study; photographed sideways,media-library/curated/others/img-0329.jpg,3060,4080,media-library/curated/others/img-0329.jpg,source-orientation-retained | exact-duplicate-source-files-consolidated
img-0330,others,documentation-photo,Grey duffel bag study; photographed sideways,media-library/curated/others/img-0330.jpg,3060,4080,media-library/curated/others/img-0330.jpg,source-orientation-retained | exact-duplicate-source-files-consolidated
img-0331,others,documentation-photo,Dark backpack study; photographed sideways,media-library/curated/others/img-0331.jpg,3060,4080,media-library/curated/others/img-0331.jpg,source-orientation-retained | exact-duplicate-source-files-consolidated
img-0332,others,documentation-photo,Red backpack study; photographed sideways,media-library/curated/others/img-0332.jpg,3060,4080,media-library/curated/others/img-0332.jpg,source-orientation-retained | exact-duplicate-source-files-consolidated
img-0333,others,documentation-photo,Patterned duffel bag study; photographed sideways,media-library/curated/others/img-0333.jpg,3060,4080,media-library/curated/others/img-0333.jpg,source-orientation-retained | exact-duplicate-source-files-consolidated
img-0334,others,documentation-photo,Teal suitcase study; photographed sideways,media-library/curated/others/img-0334.jpg,3060,4080,media-library/curated/others/img-0334.jpg,source-orientation-retained | exact-duplicate-source-files-consolidated
img-0335,others,documentation-photo,Cement sack study; photographed sideways,media-library/curated/others/img-0335.jpg,3060,4080,media-library/curated/others/img-0335.jpg,source-orientation-retained | exact-duplicate-source-files-consolidated
img-0336,others,documentation-photo,Grey tied bag study; photographed sideways,media-library/curated/others/img-0336.jpg,3060,4080,media-library/curated/others/img-0336.jpg,source-orientation-retained | exact-duplicate-source-files-consolidated
img-0337,others,documentation-photo,Yellow grain sack study; photographed sideways,media-library/curated/others/img-0337.jpg,3060,4080,media-library/curated/others/img-0337.jpg,source-orientation-retained | exact-duplicate-source-files-consolidated
img-0338,others,documentation-photo,Red bag study; photographed sideways,media-library/curated/others/img-0338.jpg,3060,4080,media-library/curated/others/img-0338.jpg,source-orientation-retained | exact-duplicate-source-files-consolidated
img-0339,others,documentation-photo,Red woven bag study; photographed sideways,media-library/curated/others/img-0339.jpg,3060,4080,media-library/curated/others/img-0339.jpg,source-orientation-retained | exact-duplicate-source-files-consolidated
img-0340,others,artwork-or-artwork-documentation,Woman portrait with crescent,media-library/curated/others/img-0340.jpg,1080,1063,media-library/curated/others/img-0340.jpg,exact-duplicate-source-files-consolidated
img-0342,others,documentation-photo,Seascape with cranes; photographed installation detail,media-library/curated/others/img-0342.jpg,8160,6120,media-library/curated/others/img-0342.jpg,exact-duplicate-source-files-consolidated
img-0343,others,artwork-or-artwork-documentation,Vertical shore and cranes study,media-library/curated/others/img-0343.jpg,1666,3460,media-library/curated/others/img-0343.jpg,exact-duplicate-source-files-consolidated
img-0344,others,artwork-or-artwork-documentation,River map and seascape installation detail,media-library/curated/others/img-0344.jpg,3906,2444,media-library/curated/others/img-0344.jpg,exact-duplicate-source-files-consolidated
img-0345,others,artwork-or-artwork-documentation,Blue river map study,media-library/curated/others/img-0345.jpg,3974,1484,media-library/curated/others/img-0345.jpg,exact-duplicate-source-files-consolidated
img-0346,others,artwork-or-artwork-documentation,Teal river map study,media-library/curated/others/img-0346.jpg,2619,949,media-library/curated/others/img-0346.jpg,exact-duplicate-source-files-consolidated
img-0347,others,artwork-or-artwork-documentation,Minimal river line study,media-library/curated/others/img-0347.jpg,2484,1141,media-library/curated/others/img-0347.jpg,exact-duplicate-source-files-consolidated
img-0348,others,artwork-or-artwork-documentation,Vertical blue waves study,media-library/curated/others/img-0348.jpg,3267,6903,media-library/curated/others/img-0348.jpg,exact-duplicate-source-files-consolidated
img-0349,others,artwork-or-artwork-documentation,Shore waves under grey sky,media-library/curated/others/img-0349.jpg,4712,6394,media-library/curated/others/img-0349.jpg,exact-duplicate-source-files-consolidated
img-0350,others,artwork-or-artwork-documentation,Pale sea and crescent,media-library/curated/others/img-0350.jpg,2435,1540,media-library/curated/others/img-0350.jpg,exact-duplicate-source-files-consolidated
img-0364,others,artwork-or-artwork-documentation,Exhibition visitors and mixed installation wall,media-library/curated/others/img-0364.jpg,4080,2304,media-library/curated/others/img-0364.jpg,exact-duplicate-source-files-consolidated
img-0365,others,documentation-photo,Visitors photographing exhibition wall,media-library/curated/others/img-0365.jpg,4080,2304,media-library/curated/others/img-0365.jpg,exact-duplicate-source-files-consolidated
img-0366,others,artwork-or-artwork-documentation,Child viewing video installation,media-library/curated/others/img-0366.jpg,4080,2304,media-library/curated/others/img-0366.jpg,exact-duplicate-source-files-consolidated
img-0367,others,artwork-or-artwork-documentation,Visitor viewing collective exhibition wall,media-library/curated/others/img-0367.jpg,4080,2304,media-library/curated/others/img-0367.jpg,exact-duplicate-source-files-consolidated
img-0368,others,artwork-or-artwork-documentation,Group viewing exhibition wall,media-library/curated/others/img-0368.jpg,4080,2304,media-library/curated/others/img-0368.jpg,exact-duplicate-source-files-consolidated
img-0369,others,artwork-or-artwork-documentation,Alternate visitor group at exhibition,media-library/curated/others/img-0369.jpg,4080,2304,media-library/curated/others/img-0369.jpg,exact-duplicate-source-files-consolidated
img-0370,others,artwork-or-artwork-documentation,Children playing outdoors at night,media-library/curated/others/img-0370.jpg,4080,2304,media-library/curated/others/img-0370.jpg,exact-duplicate-source-files-consolidated
img-0371,others,artwork-or-artwork-documentation,Mustard field seen through mesh fence,media-library/curated/others/img-0371.jpg,4080,2304,media-library/curated/others/img-0371.jpg,exact-duplicate-source-files-consolidated
img-0372,others,documentation-photo,Alternate mustard field photograph,media-library/curated/others/img-0372.jpg,4080,2304,media-library/curated/others/img-0372.jpg,exact-duplicate-source-files-consolidated
img-0373,others,artwork-or-artwork-documentation,Hand holding sketchbook red flower page,media-library/curated/others/img-0373.jpg,2988,2216,media-library/curated/others/img-0373.jpg,exact-duplicate-source-files-consolidated
img-0374,others,artwork-or-artwork-documentation,Sketchbook pale yellow landscape,media-library/curated/others/img-0374.jpg,2643,1890,media-library/curated/others/img-0374.jpg,exact-duplicate-source-files-consolidated
img-0375,others,artwork-or-artwork-documentation,Sketchbook dark grassy landscape,media-library/curated/others/img-0375.jpg,2722,1947,media-library/curated/others/img-0375.jpg,exact-duplicate-source-files-consolidated
img-0376,others,artwork-or-artwork-documentation,Sketchbook trees on yellow grey ground,media-library/curated/others/img-0376.jpg,2778,2003,media-library/curated/others/img-0376.jpg,exact-duplicate-source-files-consolidated
img-0377,others,artwork-or-artwork-documentation,Sketchbook trees and fields,media-library/curated/others/img-0377.jpg,2619,1931,media-library/curated/others/img-0377.jpg,exact-duplicate-source-files-consolidated
img-0378,others,artwork-or-artwork-documentation,Sketchbook trees and yellow sky,media-library/curated/others/img-0378.jpg,2604,1940,media-library/curated/others/img-0378.jpg,exact-duplicate-source-files-consolidated
img-0379,others,artwork-or-artwork-documentation,Sketchbook yellow wash,media-library/curated/others/img-0379.jpg,2784,2011,media-library/curated/others/img-0379.jpg,exact-duplicate-source-files-consolidated
img-0380,others,artwork-or-artwork-documentation,Sketchbook pale sky and dark grasses,media-library/curated/others/img-0380.jpg,2825,2075,media-library/curated/others/img-0380.jpg,exact-duplicate-source-files-consolidated
img-0381,others,artwork-or-artwork-documentation,Sketchbook dark fields,media-library/curated/others/img-0381.jpg,2832,2030,media-library/curated/others/img-0381.jpg,exact-duplicate-source-files-consolidated
img-0382,others,artwork-or-artwork-documentation,Indoor portrait beside bookshelves,media-library/curated/others/img-0382.jpg,4080,2304,media-library/curated/others/img-0382.jpg,
img-0384,others,artwork-or-artwork-documentation,Night group portrait; event unconfirmed,media-library/curated/others/img-0384.jpg,4080,2304,media-library/curated/others/img-0384.jpg,context-or-credit-needs-confirmation
img-0404,others,documentation-photo,Indoor greeting photograph; context unconfirmed,media-library/curated/others/img-0404.jpg,4080,3060,media-library/curated/others/img-0404.jpg,context-or-credit-needs-confirmation
img-0412,others,artwork-or-artwork-documentation,Portrait of three men; identities and event unconfirmed,media-library/curated/others/img-0412.jpg,4080,3060,media-library/curated/others/img-0412.jpg,context-or-credit-needs-confirmation
img-0413,others,artwork-or-artwork-documentation,Night gathering; event unconfirmed,media-library/curated/others/img-0413.jpg,4080,3060,media-library/curated/others/img-0413.jpg,context-or-credit-needs-confirmation
img-0426,others,artwork-or-artwork-documentation,Older woman and child with embroidered quilt; personal context unconfirmed,media-library/curated/others/img-0426.jpg,4080,3060,media-library/curated/others/img-0426.jpg,context-or-credit-needs-confirmation | personal-photo-publication-context-unconfirmed
img-0444,others,documentation-photo,Painting small figurine; craft process photograph,media-library/curated/others/img-0444.jpg,756,1044,media-library/curated/others/img-0444.jpg,
img-0447,others,artwork-or-artwork-documentation,Night gathering; event unconfirmed,media-library/curated/others/img-0447.jpg,4080,3060,media-library/curated/others/img-0447.jpg,context-or-credit-needs-confirmation
img-0452,others,documentation-photo,Outdoor seated conversation; event unconfirmed,media-library/curated/others/img-0452.jpg,4080,3060,media-library/curated/others/img-0452.jpg,context-or-credit-needs-confirmation
img-0465,others,artwork-or-artwork-documentation,Older man walking along roadside; event unconfirmed,media-library/curated/others/img-0465.jpg,4080,3060,media-library/curated/others/img-0465.jpg,context-or-credit-needs-confirmation
img-0479,others,artwork-or-artwork-documentation,Mother and child under crescent; colour variation of image 112,media-library/curated/others/img-0479.jpg,4096,3573,media-library/curated/others/img-0479.jpg,
img-0480,others,artwork-or-artwork-documentation,Red blue print of group under tree,media-library/curated/others/img-0480.jpg,2922,4096,media-library/curated/others/img-0480.jpg,
img-0482,others,artwork-or-artwork-documentation,Yellow flower on dark blue ground,media-library/curated/others/img-0482.jpg,3066,3072,media-library/curated/others/img-0482.jpg,
img-0483,others,artwork-or-artwork-documentation,Tree and patterned form; alternate image 301,media-library/curated/others/img-0483.jpg,4022,4096,media-library/curated/others/img-0483.jpg,
img-0484,others,artwork-or-artwork-documentation,Red blue print mother child and bare tree,media-library/curated/others/img-0484.jpg,2999,4096,media-library/curated/others/img-0484.jpg,
img-0485,others,artwork-or-artwork-documentation,Women with flowing hair and verse,media-library/curated/others/img-0485.jpg,4096,2833,media-library/curated/others/img-0485.jpg,
img-0486,others,artwork-or-artwork-documentation,Reclining woman and child with crescent and patterned cloth,media-library/curated/others/img-0486.jpg,4096,3072,media-library/curated/others/img-0486.jpg,
img-0487,others,artwork-or-artwork-documentation,Seated older figure and small lit niche; preserve verse,media-library/curated/others/img-0487.jpg,4096,2624,media-library/curated/others/img-0487.jpg,exact-duplicate-source-files-consolidated
img-0488,others,documentation-photo,Artwork installation photograph of cremation scene,media-library/curated/others/img-0488.jpeg,1536,2048,media-library/curated/others/img-0488.jpeg,exact-duplicate-source-files-consolidated
img-0489,others,documentation-photo,Painting small figurines photograph,media-library/curated/others/img-0489.jpg,1200,1600,media-library/curated/others/img-0489.jpg,
img-0496,others,artwork-or-artwork-documentation,Phone screenshot botanical sketch; crop interface,media-library/curated/others/img-0496-crop.png,1080,650,media-library/originals/labani_di/Screenshot_2024-02-14-11-22-05-810_com.facebook.katana.jpg,
img-0497,others,artwork-or-artwork-documentation,Phone screenshot botanical sketch alternate; crop interface,media-library/curated/others/img-0497-crop.png,1080,610,media-library/originals/labani_di/Screenshot_2024-02-14-11-22-11-642_com.facebook.katana.jpg,
img-0498,others,artwork-or-artwork-documentation,Phone screenshot line drawing speaker; crop interface,media-library/curated/others/img-0498-crop.png,1080,1200,media-library/originals/labani_di/Screenshot_2024-02-21-13-53-27-780_com.facebook.katana.jpg,
img-0500,others,artwork-or-artwork-documentation,Phone screenshot mother child and crescent with verse; preserve artwork text,media-library/curated/others/img-0500-crop.png,1080,870,media-library/originals/labani_di/Screenshot_2024-05-21-18-42-52-620_com.facebook.katana.jpg,
img-0502,others,artwork-or-artwork-documentation,Phone screenshot mother child under crescent,media-library/curated/others/img-0502-crop.png,1080,750,media-library/originals/labani_di/Screenshot_2024-05-21-18-43-16-548_com.facebook.katana.jpg,
img-0503,others,artwork-or-artwork-documentation,Phone screenshot woman carrying child under moon,media-library/curated/others/img-0503-crop.png,1080,1050,media-library/originals/labani_di/Screenshot_2024-05-21-18-44-43-697_com.facebook.katana.jpg,
img-0505,others,artwork-or-artwork-documentation,Mother child artwork with Kaifi Azmi verse; keep full quote and attribution,media-library/curated/others/img-0505-crop.png,1080,1290,media-library/originals/labani_di/Screenshot_2024-05-21-18-47-44-252_com.facebook.katana.jpg,embedded-copy-retained-not-website-interface
img-0510,others,artwork-or-artwork-documentation,Figure beside blue boat on shore,media-library/curated/others/img-0510-crop.png,1080,790,media-library/originals/labani_di/Screenshot_2024-05-21-18-51-15-152_com.facebook.katana.jpg,
img-0515,others,reference-document,Bangla Journal general call for submissions; reference document not a biographical source,media-library/curated/others/img-0515.jpg,1080,1243,media-library/curated/others/img-0515.jpg,reference-only-not-artwork
img-0516,others,artwork-or-artwork-documentation,Citizen Nagar film graphic; preserve film credits,media-library/curated/others/img-0516.jpg,1080,677,media-library/curated/others/img-0516.jpg,
img-0517,others,documentation-photo,Bibir Darga exhibition discussion photograph,media-library/curated/others/img-0517.jpg,1080,485,media-library/curated/others/img-0517.jpg,small-source-review-display-size
img-0518,others,documentation-photo,Bibir Darga gallery audience photograph,media-library/curated/others/img-0518.jpg,1080,503,media-library/curated/others/img-0518.jpg,small-source-review-display-size
img-0519,others,artwork-or-artwork-documentation,Visitor viewing framed exhibition art,media-library/curated/others/img-0519.jpg,1080,500,media-library/curated/others/img-0519.jpg,small-source-review-display-size
img-0520,others,documentation-photo,Exhibition opening discussion photograph,media-library/curated/others/img-0520.jpg,1080,754,media-library/curated/others/img-0520.jpg,
img-0521,others,documentation-photo,Alternate gallery audience photograph,media-library/curated/others/img-0521.jpg,1080,492,media-library/curated/others/img-0521.jpg,small-source-review-display-size
img-0522,others,poster-or-publication-graphic,Bibir Darga exhibition invitation; retain event text,media-library/curated/others/img-0522.jpg,1080,401,media-library/curated/others/img-0522.jpg,small-source-review-display-size
img-0523,others,documentation-photo,Alternate exhibition audience photograph,media-library/curated/others/img-0523.jpg,1080,486,media-library/curated/others/img-0523.jpg,small-source-review-display-size
img-0524,others,artwork-or-artwork-documentation,Phone screenshot tree and gathering landscape,media-library/curated/others/img-0524-crop.png,1080,770,media-library/originals/labani_di/Screenshot_2025-03-13-15-01-54-293_com.facebook.katana (1).jpg,exact-duplicate-source-files-consolidated
img-0525,others,artwork-or-artwork-documentation,Phone screenshot owl drawing,media-library/curated/others/img-0525-crop.png,1080,1290,media-library/originals/labani_di/Screenshot_2025-03-13-15-02-15-650_com.facebook.katana (1).jpg,exact-duplicate-source-files-consolidated
img-0526,others,artwork-or-artwork-documentation,Phone screenshot man holding sunflowers; identity unconfirmed,media-library/curated/others/img-0526-crop.png,1080,1660,media-library/originals/labani_di/Screenshot_2025-03-13-15-02-36-410_com.facebook.katana (1).jpg,context-or-credit-needs-confirmation | exact-duplicate-source-files-consolidated
img-0527,others,artwork-or-artwork-documentation,Phone screenshot orange flower study,media-library/curated/others/img-0527-crop.png,1080,850,media-library/originals/labani_di/Screenshot_2025-03-13-15-03-08-406_com.facebook.katana (1).jpg,exact-duplicate-source-files-consolidated
img-0528,others,artwork-or-artwork-documentation,Phone screenshot dark room and glowing television,media-library/curated/others/img-0528-crop.png,1080,650,media-library/originals/labani_di/Screenshot_2025-03-13-15-06-02-678_com.facebook.katana (1).jpg,exact-duplicate-source-files-consolidated
img-0529,others,artwork-or-artwork-documentation,Phone screenshot dark domestic interior,media-library/curated/others/img-0529-crop.png,1080,660,media-library/originals/labani_di/Screenshot_2025-03-13-15-06-07-382_com.facebook.katana (1).jpg,exact-duplicate-source-files-consolidated
img-0530,others,artwork-or-artwork-documentation,Figure among graves under moon; specific event unconfirmed,media-library/curated/others/img-0530.jpg,1080,746,media-library/curated/others/img-0530.jpg,context-or-credit-needs-confirmation | exact-duplicate-source-files-consolidated
img-0535,others,poster-or-publication-graphic,PARI social card with artist biography; keep credit in archive,media-library/curated/others/img-0535-crop.png,1080,1360,media-library/originals/labani_di/Screenshot_2025-11-28-22-21-04-739_com.instagram.android-edit (1).jpg,PARI-credit-in-original-social-post | embedded-copy-retained-not-website-interface | exact-duplicate-source-files-consolidated
img-0545,others,documentation-photo,Phone screenshot photographed mother child artwork; UI overlaps top surroundings,media-library/curated/others/img-0545-crop.png,1080,2260,media-library/originals/labani_di/Screenshot_2026-08-01-21-32-12-613_com.facebook.katana.jpg,interface-overlay-over-image-retained
img-0548,others,artwork-or-artwork-documentation,Blue waves painting,media-library/curated/others/img-0548.png,2160,2146,media-library/curated/others/img-0548.png,
img-0549,others,artwork-or-artwork-documentation,Figure facing starry sea,media-library/curated/others/img-0549.png,2160,1476,media-library/curated/others/img-0549.png,
